Guard_ID,Police_Verification,Training_Status,Police_Expiry,Risk_Level
G1,No,Completed,2024-08-19,High
G2,Yes,Pending,2026-05-31,Medium
G3,No,Pending,2024-05-08,High
G4,Yes,Pending,2026-08-14,Low
G5,Yes,Completed,2024-03-10,Low
G6,No,Completed,2023-09-12,High
G7,No,Completed,2023-04-09,High
G8,Yes,Completed,2026-11-28,Low
G9,No,Completed,2026-07-26,Medium
G10,Yes,Completed,2023-06-07,Low
G11,Yes,Completed,2026-04-21,Low
G12,Yes,Pending,2026-09-21,Low
G13,Yes,Pending,2024-12-07,Medium
G14,Yes,Pending,2023-07-09,Medium
G15,No,Completed,2025-03-26,High
G16,No,Completed,2025-10-25,High
G17,Yes,Pending,2026-11-08,Low
G18,No,Completed,2026-10-21,Medium
G19,Yes,Completed,2023-10-14,Low
G20,No,Completed,2024-04-16,High
G21,No,Completed,2023-10-01,High
G22,Yes,Completed,2023-06-03,Low
G23,Yes,Pending,2024-12-17,Medium
G24,No,Pending,2023-03-03,High
G25,Yes,Pending,2023-04-19,Medium
G26,Yes,Pending,2023-01-25,Medium
G27,No,Completed,2026-03-17,High
G28,No,Completed,2026-07-28,Medium
G29,Yes,Pending,2023-06-25,Medium
G30,No,Completed,2026-09-08,Medium
G31,Yes,Completed,2023-09-22,Low
G32,Yes,Pending,2024-02-02,Medium
G33,Yes,Completed,2022-12-17,Low
G34,Yes,Pending,2025-04-26,Medium
G35,No,Completed,2024-05-14,High
G36,Yes,Pending,2026-10-18,Low
G37,No,Completed,2023-12-29,High
G38,Yes,Completed,2023-12-12,Low
G39,No,Pending,2025-07-31,High
G40,Yes,Completed,2023-11-14,Low
G41,Yes,Pending,2024-02-26,Medium
G42,No,Completed,2025-12-27,High
G43,Yes,Completed,2025-06-06,Low
G44,No,Completed,2023-11-03,High
G45,No,Completed,2026-08-02,Medium
G46,Yes,Pending,2024-11-01,Medium
G47,No,Pending,2023-02-28,High
G48,No,Pending,2026-08-23,High
G49,Yes,Pending,2023-05-26,Medium
G50,Yes,Completed,2023-10-13,Low
G51,Yes,Pending,2026-09-12,Low
G52,Yes,Pending,2024-03-07,Medium
G53,No,Pending,2022-12-28,High
G54,No,Pending,2024-08-13,High
G55,No,Completed,2024-08-13,High
G56,No,Pending,2024-02-08,High
G57,No,Completed,2024-07-09,High
G58,No,Pending,2024-06-29,High
G59,No,Pending,2023-04-27,High
G60,No,Pending,2024-04-06,High
G61,No,Pending,2024-10-10,High
G62,No,Completed,2025-11-12,High
G63,Yes,Completed,2023-12-01,Low
G64,No,Pending,2023-06-08,High
G65,Yes,Pending,2024-06-07,Medium
G66,No,Pending,2026-10-12,High
G67,No,Pending,2023-10-02,High
G68,No,Completed,2025-10-16,High
G69,No,Pending,2024-11-02,High
G70,Yes,Completed,2025-01-20,Low
G71,No,Pending,2025-12-05,High
G72,No,Pending,2023-08-05,High
G73,Yes,Completed,2023-08-21,Low
G74,Yes,Completed,2024-09-29,Low
G75,No,Completed,2025-09-02,High
G76,No,Pending,2024-02-15,High
G77,Yes,Completed,2022-12-05,Low
G78,No,Completed,2023-08-19,High
G79,No,Pending,2026-08-06,High
G80,No,Pending,2024-09-16,High
G81,No,Completed,2024-08-09,High
G82,Yes,Completed,2024-03-06,Low
G83,No,Completed,2022-12-01,High
G84,No,Completed,2026-05-27,High
G85,Yes,Completed,2024-02-24,Low
G86,No,Pending,2023-11-14,High
G87,No,Pending,2025-03-16,High
G88,Yes,Completed,2026-04-28,Low
G89,No,Completed,2023-06-06,High
G90,Yes,Pending,2024-12-24,Medium
G91,Yes,Pending,2026-08-27,Low
G92,Yes,Pending,2025-11-30,Medium
G93,Yes,Completed,2025-05-09,Low
G94,No,Pending,2024-09-21,High
G95,Yes,Pending,2024-10-05,Medium
G96,No,Completed,2024-12-16,High
G97,Yes,Completed,2024-04-09,Low
G98,No,Pending,2025-10-08,High
G99,No,Completed,2023-02-22,High
G100,No,Completed,2025-09-07,High
G101,No,Completed,2023-07-25,High
G102,Yes,Pending,2025-05-10,Medium
G103,Yes,Completed,2025-07-21,Low
G104,Yes,Completed,2026-03-25,Low
G105,Yes,Pending,2023-01-13,Medium
G106,No,Pending,2025-07-09,High
G107,No,Completed,2022-12-31,High
G108,Yes,Pending,2026-06-14,Medium
G109,No,Completed,2026-11-13,Medium
G110,Yes,Completed,2024-11-14,Low
G111,Yes,Completed,2023-10-12,Low
G112,No,Pending,2026-09-28,High
G113,No,Completed,2025-07-02,High
G114,Yes,Completed,2023-04-16,Low
G115,No,Completed,2024-02-08,High
G116,Yes,Pending,2024-04-11,Medium
G117,No,Completed,2024-12-29,High
G118,No,Pending,2026-08-16,High
G119,Yes,Completed,2023-01-10,Low
G120,Yes,Completed,2025-11-29,Low
G121,Yes,Pending,2024-11-22,Medium
G122,No,Pending,2023-10-19,High
G123,Yes,Completed,2026-01-09,Low
G124,No,Pending,2025-04-27,High
G125,Yes,Pending,2025-02-20,Medium
G126,Yes,Completed,2025-09-06,Low
G127,Yes,Pending,2023-08-09,Medium
G128,Yes,Completed,2023-01-26,Low
G129,No,Pending,2026-08-13,High
G130,No,Completed,2026-11-17,Medium
G131,No,Pending,2024-11-21,High
G132,Yes,Completed,2026-11-29,Low
G133,Yes,Pending,2025-05-20,Medium
G134,No,Completed,2024-10-26,High
G135,Yes,Pending,2025-12-07,Medium
G136,Yes,Completed,2026-05-11,Low
G137,No,Completed,2026-11-29,Medium
G138,Yes,Pending,2025-11-09,Medium
G139,Yes,Pending,2025-09-22,Medium
G140,Yes,Pending,2023-01-28,Medium
G141,Yes,Pending,2023-04-18,Medium
G142,No,Completed,2025-01-17,High
G143,No,Completed,2024-04-02,High
G144,No,Completed,2026-07-29,Medium
G145,No,Completed,2025-01-03,High
G146,Yes,Completed,2023-07-24,Low
G147,No,Completed,2025-10-21,High
G148,No,Pending,2026-05-27,High
G149,Yes,Pending,2022-12-08,Medium
G150,No,Pending,2026-05-20,High
G151,No,Pending,2022-12-04,High
G152,No,Completed,2025-07-29,High
G153,Yes,Completed,2024-05-21,Low
G154,No,Pending,2022-12-16,High
G155,No,Completed,2025-06-20,High
G156,No,Pending,2025-08-13,High
G157,No,Pending,2024-10-23,High
G158,No,Pending,2026-11-07,High
G159,No,Pending,2023-10-08,High
G160,No,Pending,2024-12-07,High
G161,Yes,Pending,2026-03-10,Medium
G162,Yes,Pending,2024-05-07,Medium
G163,Yes,Pending,2026-05-07,Medium
G164,No,Pending,2023-07-22,High
G165,Yes,Pending,2026-11-28,Low
G166,Yes,Pending,2024-05-23,Medium
G167,Yes,Completed,2024-07-06,Low
G168,No,Pending,2026-03-31,High
G169,Yes,Pending,2025-07-17,Medium
G170,No,Completed,2023-01-22,High
G171,Yes,Pending,2023-04-26,Medium
G172,Yes,Completed,2024-01-01,Low
G173,No,Completed,2024-04-09,High
G174,No,Pending,2023-12-30,High
G175,No,Completed,2026-03-01,High
G176,No,Completed,2026-04-11,High
G177,No,Pending,2026-02-20,High
G178,No,Completed,2025-05-31,High
G179,Yes,Pending,2025-04-08,Medium
G180,Yes,Completed,2024-10-22,Low
G181,No,Completed,2024-03-18,High
G182,Yes,Completed,2025-06-30,Low
G183,No,Completed,2025-12-19,High
G184,Yes,Pending,2023-03-20,Medium
G185,Yes,Completed,2025-01-16,Low
G186,Yes,Completed,2026-07-21,Low
G187,Yes,Pending,2025-07-10,Medium
G188,Yes,Pending,2023-12-21,Medium
G189,No,Completed,2025-04-26,High
G190,Yes,Pending,2024-12-20,Medium
G191,Yes,Pending,2023-03-19,Medium
G192,Yes,Pending,2023-07-15,Medium
G193,No,Completed,2024-02-18,High
G194,Yes,Pending,2025-07-23,Medium
G195,Yes,Pending,2025-04-17,Medium
G196,Yes,Completed,2026-09-08,Low
G197,No,Pending,2022-12-18,High
G198,No,Completed,2023-07-27,High
G199,Yes,Pending,2026-01-10,Medium
G200,Yes,Pending,2025-09-04,Medium
G201,No,Pending,2024-08-20,High
G202,Yes,Completed,2024-12-15,Low
G203,Yes,Completed,2025-10-29,Low
G204,Yes,Pending,2026-06-30,Low
G205,Yes,Pending,2023-01-29,Medium
G206,No,Pending,2023-01-13,High
G207,No,Completed,2025-09-01,High
G208,Yes,Pending,2026-04-14,Medium
G209,No,Completed,2026-06-03,High
G210,Yes,Completed,2025-03-05,Low
G211,No,Pending,2023-02-14,High
G212,Yes,Pending,2025-09-02,Medium
G213,No,Pending,2024-03-04,High
G214,No,Pending,2024-12-11,High
G215,Yes,Completed,2024-10-02,Low
G216,No,Completed,2025-07-20,High
G217,Yes,Pending,2025-02-28,Medium
G218,No,Completed,2023-02-10,High
G219,No,Pending,2026-12-01,High
G220,No,Pending,2026-06-18,High
G221,No,Pending,2024-05-09,High
G222,Yes,Pending,2025-01-04,Medium
G223,No,Completed,2022-12-21,High
G224,Yes,Pending,2025-06-02,Medium
G225,No,Pending,2023-08-22,High
G226,Yes,Pending,2025-04-14,Medium
G227,No,Pending,2025-06-08,High
G228,No,Completed,2024-05-27,High
G229,No,Pending,2024-11-09,High
G230,Yes,Pending,2025-12-29,Medium
G231,Yes,Pending,2024-06-09,Medium
G232,Yes,Pending,2026-11-09,Low
G233,Yes,Pending,2023-02-17,Medium
G234,Yes,Completed,2024-12-05,Low
G235,No,Completed,2026-01-16,High
G236,Yes,Completed,2025-09-25,Low
G237,No,Completed,2024-02-03,High
G238,No,Pending,2025-06-03,High
G239,No,Pending,2025-03-23,High
G240,No,Pending,2024-03-29,High
G241,Yes,Pending,2023-12-14,Medium
G242,Yes,Completed,2024-02-25,Low
G243,Yes,Completed,2026-08-21,Low
G244,Yes,Completed,2026-11-09,Low
G245,No,Pending,2026-11-20,High
G246,No,Completed,2024-05-24,High
G247,No,Completed,2023-01-04,High
G248,Yes,Pending,2022-11-28,Medium
G249,Yes,Completed,2026-03-11,Low
G250,Yes,Completed,2025-12-21,Low
G251,No,Pending,2024-06-17,High
G252,Yes,Completed,2024-12-25,Low
G253,Yes,Completed,2024-11-09,Low
G254,No,Completed,2025-01-18,High
G255,No,Completed,2026-04-28,High
G256,No,Completed,2023-02-12,High
G257,No,Pending,2023-03-12,High
G258,Yes,Completed,2023-10-15,Low
G259,No,Completed,2025-11-25,High
G260,Yes,Pending,2023-10-23,Medium
G261,Yes,Completed,2025-09-23,Low
G262,No,Completed,2023-04-19,High
G263,No,Pending,2023-06-11,High
G264,No,Pending,2023-08-12,High
G265,No,Completed,2025-09-07,High
G266,No,Completed,2023-03-18,High
G267,Yes,Completed,2022-12-21,Low
G268,Yes,Completed,2025-07-20,Low
G269,No,Completed,2026-06-05,High
G270,Yes,Completed,2024-03-20,Low
G271,Yes,Completed,2024-06-13,Low
G272,No,Pending,2025-09-10,High
G273,No,Pending,2023-06-13,High
G274,No,Pending,2026-02-03,High
G275,Yes,Completed,2026-09-06,Low
G276,No,Completed,2023-10-24,High
G277,No,Pending,2025-04-19,High
G278,Yes,Pending,2024-08-17,Medium
G279,Yes,Pending,2025-05-17,Medium
G280,Yes,Pending,2023-02-07,Medium
G281,No,Completed,2023-06-30,High
G282,No,Pending,2022-12-25,High
G283,Yes,Completed,2024-10-04,Low
G284,No,Pending,2025-12-27,High
G285,No,Completed,2023-03-06,High
G286,Yes,Pending,2026-11-06,Low
G287,No,Completed,2025-03-22,High
G288,Yes,Pending,2025-04-16,Medium
G289,No,Completed,2026-06-24,Medium
G290,Yes,Pending,2026-05-20,Medium
G291,No,Completed,2025-10-18,High
G292,No,Pending,2026-01-13,High
G293,Yes,Pending,2023-02-07,Medium
G294,No,Completed,2026-07-27,Medium
G295,Yes,Completed,2024-05-19,Low
G296,No,Pending,2024-08-30,High
G297,No,Pending,2024-11-12,High
G298,Yes,Pending,2024-08-01,Medium
G299,Yes,Pending,2023-07-02,Medium
G300,Yes,Pending,2024-04-30,Medium
G301,Yes,Completed,2025-05-12,Low
G302,No,Completed,2025-12-11,High
G303,No,Pending,2023-02-23,High
G304,No,Completed,2023-08-16,High
G305,No,Completed,2025-08-14,High
G306,Yes,Completed,2023-08-08,Low
G307,Yes,Pending,2024-06-27,Medium
G308,Yes,Pending,2023-02-20,Medium
G309,No,Completed,2026-10-08,Medium
G310,Yes,Completed,2024-01-18,Low
G311,Yes,Pending,2022-12-30,Medium
G312,Yes,Pending,2025-05-19,Medium
G313,Yes,Completed,2024-02-07,Low
G314,No,Completed,2023-10-26,High
G315,Yes,Pending,2023-02-03,Medium
G316,No,Completed,2022-12-07,High
G317,No,Pending,2024-09-05,High
G318,No,Pending,2024-08-28,High
G319,Yes,Pending,2025-05-26,Medium
G320,No,Pending,2023-06-08,High
G321,No,Pending,2025-01-21,High
G322,No,Completed,2025-07-11,High
G323,Yes,Completed,2023-04-24,Low
G324,Yes,Pending,2024-09-30,Medium
G325,Yes,Completed,2025-03-10,Low
G326,No,Completed,2023-01-15,High
G327,No,Completed,2023-11-15,High
G328,Yes,Pending,2025-08-24,Medium
G329,Yes,Pending,2026-10-20,Low
G330,Yes,Pending,2023-12-01,Medium
G331,No,Completed,2025-02-21,High
G332,No,Completed,2024-02-04,High
G333,No,Completed,2024-09-30,High
G334,No,Completed,2024-01-03,High
G335,No,Completed,2025-02-20,High
G336,No,Pending,2024-11-24,High
G337,No,Completed,2025-10-20,High
G338,Yes,Pending,2026-08-27,Low
G339,No,Pending,2023-07-10,High
G340,Yes,Completed,2024-10-10,Low
G341,Yes,Completed,2023-12-22,Low
G342,No,Completed,2026-01-05,High
G343,No,Pending,2026-04-15,High
G344,No,Pending,2023-05-18,High
G345,No,Completed,2025-08-30,High
G346,No,Pending,2026-05-19,High
G347,No,Completed,2023-10-08,High
G348,No,Completed,2026-04-08,High
G349,No,Completed,2023-07-12,High
G350,No,Pending,2026-01-30,High
G351,Yes,Completed,2022-12-17,Low
G352,No,Completed,2023-02-23,High
G353,No,Completed,2024-10-03,High
G354,No,Completed,2024-01-05,High
G355,Yes,Pending,2023-05-02,Medium
G356,Yes,Pending,2025-01-07,Medium
G357,Yes,Completed,2023-12-13,Low
G358,Yes,Completed,2026-08-18,Low
G359,No,Completed,2022-11-27,High
G360,No,Completed,2025-09-20,High
G361,No,Pending,2024-09-25,High
G362,Yes,Pending,2026-07-25,Low
G363,Yes,Pending,2025-04-18,Medium
G364,No,Pending,2025-03-11,High
G365,Yes,Pending,2026-07-23,Low
G366,No,Completed,2023-08-16,High
G367,Yes,Completed,2026-09-06,Low
G368,No,Completed,2024-04-02,High
G369,No,Completed,2024-11-11,High
G370,Yes,Pending,2022-12-15,Medium
G371,No,Pending,2023-11-27,High
G372,Yes,Pending,2024-06-02,Medium
G373,Yes,Completed,2023-09-10,Low
G374,Yes,Completed,2024-02-28,Low
G375,No,Completed,2024-03-29,High
G376,No,Completed,2023-03-10,High
G377,Yes,Pending,2023-06-24,Medium
G378,Yes,Pending,2025-09-23,Medium
G379,Yes,Completed,2025-12-19,Low
G380,Yes,Pending,2023-08-26,Medium
G381,Yes,Completed,2026-04-05,Low
G382,Yes,Completed,2025-03-08,Low
G383,Yes,Completed,2025-01-17,Low
G384,No,Pending,2026-05-06,High
G385,Yes,Pending,2023-01-12,Medium
G386,No,Pending,2026-08-27,High
G387,No,Pending,2022-12-14,High
G388,Yes,Pending,2025-09-25,Medium
G389,No,Completed,2024-09-14,High
G390,No,Pending,2025-09-06,High
G391,No,Pending,2023-04-29,High
G392,No,Pending,2025-04-15,High
G393,Yes,Completed,2023-08-27,Low
G394,No,Pending,2025-02-16,High
G395,Yes,Completed,2023-07-29,Low
G396,No,Pending,2025-04-13,High
G397,Yes,Pending,2023-10-05,Medium
G398,No,Completed,2025-06-26,High
G399,No,Pending,2026-04-26,High
G400,Yes,Pending,2024-10-18,Medium
G401,Yes,Pending,2023-05-22,Medium
G402,No,Pending,2024-02-13,High
G403,No,Completed,2022-12-24,High
G404,No,Completed,2026-11-21,Medium
G405,No,Pending,2026-04-06,High
G406,No,Pending,2023-12-19,High
G407,Yes,Pending,2025-04-26,Medium
G408,Yes,Pending,2023-12-15,Medium
G409,Yes,Pending,2026-08-04,Low
G410,Yes,Pending,2023-08-06,Medium
G411,Yes,Completed,2024-02-09,Low
G412,No,Pending,2025-03-09,High
G413,No,Completed,2026-04-19,High
G414,No,Completed,2026-04-18,High
G415,No,Pending,2024-07-11,High
G416,No,Completed,2026-09-07,Medium
G417,Yes,Completed,2026-08-04,Low
G418,Yes,Pending,2025-03-15,Medium
G419,Yes,Pending,2025-01-10,Medium
G420,Yes,Pending,2026-05-14,Medium
G421,Yes,Pending,2026-04-03,Medium
G422,No,Completed,2023-03-17,High
G423,Yes,Pending,2023-05-08,Medium
G424,No,Completed,2026-10-03,Medium
G425,Yes,Completed,2023-02-12,Low
G426,No,Completed,2026-04-11,High
G427,Yes,Completed,2024-03-02,Low
G428,Yes,Completed,2024-10-30,Low
G429,No,Completed,2024-05-26,High
G430,Yes,Completed,2024-09-01,Low
G431,Yes,Pending,2024-02-21,Medium
G432,No,Completed,2025-08-05,High
G433,No,Pending,2024-11-28,High
G434,Yes,Pending,2026-09-27,Low
G435,No,Pending,2025-03-08,High
G436,No,Completed,2026-01-21,High
G437,No,Pending,2025-12-24,High
G438,Yes,Completed,2024-06-23,Low
G439,Yes,Completed,2026-05-17,Low
G440,Yes,Completed,2024-01-22,Low
G441,Yes,Pending,2025-10-30,Medium
G442,No,Completed,2023-03-30,High
G443,Yes,Completed,2023-04-14,Low
G444,Yes,Pending,2023-03-31,Medium
G445,Yes,Pending,2024-07-30,Medium
G446,Yes,Completed,2024-10-03,Low
G447,No,Pending,2024-09-09,High
G448,No,Completed,2023-05-07,High
G449,No,Pending,2025-07-04,High
G450,Yes,Completed,2026-05-12,Low
G451,No,Pending,2024-02-03,High
G452,Yes,Pending,2023-05-28,Medium
G453,No,Completed,2025-06-28,High
G454,No,Completed,2025-10-20,High
G455,No,Pending,2022-12-31,High
G456,No,Completed,2023-12-27,High
G457,No,Pending,2026-06-26,High
G458,No,Pending,2026-04-16,High
G459,Yes,Completed,2024-06-17,Low
G460,Yes,Pending,2025-04-14,Medium
G461,Yes,Completed,2023-10-04,Low
G462,No,Pending,2023-09-06,High
G463,No,Pending,2026-05-10,High
G464,Yes,Completed,2026-09-10,Low
G465,No,Completed,2025-04-14,High
G466,No,Pending,2024-11-09,High
G467,No,Completed,2025-06-14,High
G468,No,Completed,2026-08-02,Medium
G469,Yes,Completed,2025-09-18,Low
G470,Yes,Pending,2024-02-21,Medium
G471,Yes,Completed,2024-08-13,Low
G472,Yes,Pending,2026-11-07,Low
G473,No,Pending,2024-12-21,High
G474,No,Pending,2023-11-28,High
G475,No,Pending,2023-09-20,High
G476,Yes,Completed,2024-07-25,Low
G477,Yes,Completed,2023-03-29,Low
G478,Yes,Completed,2026-11-19,Low
G479,Yes,Pending,2025-05-23,Medium
G480,No,Completed,2025-08-09,High
G481,No,Completed,2024-09-10,High
G482,No,Completed,2025-11-14,High
G483,Yes,Completed,2024-09-14,Low
G484,Yes,Completed,2025-07-04,Low
G485,No,Pending,2023-05-25,High
G486,No,Completed,2023-06-22,High
G487,No,Pending,2024-11-24,High
G488,No,Pending,2025-05-16,High
G489,No,Completed,2023-11-21,High
G490,No,Pending,2023-01-16,High
G491,Yes,Pending,2025-02-13,Medium
G492,No,Pending,2024-06-24,High
G493,No,Pending,2025-04-04,High
G494,No,Completed,2023-02-19,High
G495,Yes,Pending,2023-10-13,Medium
G496,Yes,Completed,2023-11-05,Low
G497,Yes,Completed,2025-07-10,Low
G498,No,Pending,2025-12-06,High
G499,Yes,Pending,2024-04-23,Medium
G500,Yes,Pending,2026-04-07,Medium
