Guard_ID,Name,Age,State,Joining_Date,Salary
G1,Anil Kumar,36,Delhi,2023-08-20,13860
G2,Rahul Kumar,48,UP,2025-05-31,28751
G3,Ramesh Yadav,45,Haryana,2023-05-09,25687
G4,Amit Singh,26,Delhi,2025-08-14,13435
G5,Amit Singh,30,UP,2023-03-11,26314
G6,Rahul Kumar,38,Haryana,2022-09-12,29287
G7,Anil Kumar,43,Punjab,2022-04-09,23193
G8,Vikas Gupta,37,Punjab,2025-11-28,23866
G9,Anil Kumar,30,Haryana,2025-07-26,19929
G10,Ramesh Yadav,30,Punjab,2022-06-07,29454
G11,Anil Kumar,35,UP,2025-04-21,20370
G12,Anil Kumar,28,Punjab,2025-09-21,26870
G13,Rahul Kumar,23,Delhi,2023-12-08,27303
G14,Anil Kumar,25,Haryana,2022-07-09,26999
G15,Rahul Kumar,43,Haryana,2024-03-26,23650
G16,Ramesh Yadav,51,Punjab,2024-10-25,20530
G17,Amit Singh,46,Punjab,2025-11-08,25686
G18,Amit Singh,54,Punjab,2025-10-21,16813
G19,Anil Kumar,30,Delhi,2022-10-14,21960
G20,Ramesh Yadav,50,Haryana,2023-04-17,26675
G21,Suresh Sharma,25,Punjab,2022-10-01,28488
G22,Anil Kumar,23,Haryana,2022-06-03,24322
G23,Suresh Sharma,45,UP,2023-12-18,24669
G24,Ramesh Yadav,49,UP,2022-03-03,23705
G25,Vikas Gupta,53,Punjab,2022-04-19,20233
G26,Rahul Kumar,33,Haryana,2022-01-25,12495
G27,Suresh Sharma,53,Punjab,2025-03-17,25874
G28,Rahul Kumar,45,UP,2025-07-28,26610
G29,Vikas Gupta,53,Punjab,2022-06-25,28344
G30,Rahul Kumar,25,UP,2025-09-08,13277
G31,Suresh Sharma,31,Delhi,2022-09-22,18703
G32,Anil Kumar,35,UP,2023-02-02,23770
G33,Rahul Kumar,24,UP,2021-12-17,17119
G34,Suresh Sharma,43,Delhi,2024-04-26,24998
G35,Rahul Kumar,21,Delhi,2023-05-15,27284
G36,Anil Kumar,22,UP,2025-10-18,16578
G37,Rahul Kumar,35,Punjab,2022-12-29,13879
G38,Ramesh Yadav,43,Haryana,2022-12-12,18955
G39,Amit Singh,50,Delhi,2024-07-31,12878
G40,Ramesh Yadav,21,UP,2022-11-14,22538
G41,Rahul Kumar,38,Delhi,2023-02-26,16267
G42,Rahul Kumar,38,Punjab,2024-12-27,15745
G43,Amit Singh,34,Delhi,2024-06-06,24121
G44,Rahul Kumar,44,Delhi,2022-11-03,25558
G45,Rahul Kumar,25,Delhi,2025-08-02,19541
G46,Vikas Gupta,29,UP,2023-11-02,19917
G47,Vikas Gupta,52,UP,2022-02-28,16634
G48,Anil Kumar,44,Delhi,2025-08-23,14651
G49,Suresh Sharma,24,Punjab,2022-05-26,29112
G50,Suresh Sharma,34,Punjab,2022-10-13,26759
G51,Ramesh Yadav,24,Delhi,2025-09-12,27373
G52,Amit Singh,50,UP,2023-03-08,15977
G53,Vikas Gupta,52,Punjab,2021-12-28,22882
G54,Vikas Gupta,23,Delhi,2023-08-14,12696
G55,Anil Kumar,24,UP,2023-08-14,20140
G56,Suresh Sharma,28,Punjab,2023-02-08,23030
G57,Anil Kumar,32,Punjab,2023-07-10,26554
G58,Suresh Sharma,25,UP,2023-06-30,27878
G59,Rahul Kumar,36,Haryana,2022-04-27,14179
G60,Vikas Gupta,54,Delhi,2023-04-07,28721
G61,Ramesh Yadav,46,Delhi,2023-10-11,24698
G62,Ramesh Yadav,46,Delhi,2024-11-12,23431
G63,Suresh Sharma,28,Punjab,2022-12-01,13573
G64,Amit Singh,37,Punjab,2022-06-08,23360
G65,Anil Kumar,21,UP,2023-06-08,17655
G66,Vikas Gupta,39,Punjab,2025-10-12,19143
G67,Anil Kumar,43,UP,2022-10-02,21968
G68,Anil Kumar,22,UP,2024-10-16,26802
G69,Rahul Kumar,45,Haryana,2023-11-03,14491
G70,Suresh Sharma,47,Haryana,2024-01-21,17832
G71,Anil Kumar,49,Haryana,2024-12-05,13850
G72,Anil Kumar,42,Delhi,2022-08-05,27144
G73,Rahul Kumar,41,Punjab,2022-08-21,16527
G74,Amit Singh,35,Punjab,2023-09-30,25675
G75,Ramesh Yadav,27,Punjab,2024-09-02,14082
G76,Ramesh Yadav,53,UP,2023-02-15,28288
G77,Amit Singh,25,Haryana,2021-12-05,28567
G78,Anil Kumar,43,Punjab,2022-08-19,25474
G79,Anil Kumar,31,Punjab,2025-08-06,19733
G80,Amit Singh,44,Delhi,2023-09-17,14405
G81,Rahul Kumar,23,Punjab,2023-08-10,21233
G82,Vikas Gupta,30,Delhi,2023-03-07,12298
G83,Amit Singh,21,Punjab,2021-12-01,15831
G84,Suresh Sharma,26,Delhi,2025-05-27,18027
G85,Amit Singh,37,Haryana,2023-02-24,28902
G86,Anil Kumar,48,UP,2022-11-14,15375
G87,Vikas Gupta,27,Punjab,2024-03-16,20936
G88,Amit Singh,35,UP,2025-04-28,25486
G89,Ramesh Yadav,35,UP,2022-06-06,19827
G90,Vikas Gupta,38,Haryana,2023-12-25,24942
G91,Amit Singh,27,UP,2025-08-27,21420
G92,Anil Kumar,51,Haryana,2024-11-30,14134
G93,Rahul Kumar,34,UP,2024-05-09,15128
G94,Rahul Kumar,38,Delhi,2023-09-22,19643
G95,Ramesh Yadav,30,Punjab,2023-10-06,16846
G96,Rahul Kumar,26,Delhi,2023-12-17,19013
G97,Ramesh Yadav,45,Haryana,2023-04-10,13789
G98,Anil Kumar,35,UP,2024-10-08,24057
G99,Vikas Gupta,39,UP,2022-02-22,28001
G100,Vikas Gupta,48,Punjab,2024-09-07,16696
G101,Amit Singh,22,Punjab,2022-07-25,22926
G102,Anil Kumar,44,Punjab,2024-05-10,19418
G103,Rahul Kumar,33,Delhi,2024-07-21,19835
G104,Amit Singh,37,Haryana,2025-03-25,28672
G105,Rahul Kumar,47,Haryana,2022-01-13,25908
G106,Suresh Sharma,45,UP,2024-07-09,29891
G107,Vikas Gupta,48,Haryana,2021-12-31,29074
G108,Rahul Kumar,44,UP,2025-06-14,22270
G109,Vikas Gupta,22,UP,2025-11-13,23093
G110,Anil Kumar,49,Delhi,2023-11-15,16510
G111,Amit Singh,22,Delhi,2022-10-12,17134
G112,Amit Singh,33,Haryana,2025-09-28,27698
G113,Ramesh Yadav,32,UP,2024-07-02,20960
G114,Rahul Kumar,34,Delhi,2022-04-16,27273
G115,Anil Kumar,29,UP,2023-02-08,27157
G116,Ramesh Yadav,39,Haryana,2023-04-12,15929
G117,Vikas Gupta,21,Punjab,2023-12-30,15652
G118,Anil Kumar,31,Haryana,2025-08-16,28710
G119,Amit Singh,24,UP,2022-01-10,22503
G120,Ramesh Yadav,48,UP,2024-11-29,19328
G121,Anil Kumar,51,Haryana,2023-11-23,16764
G122,Rahul Kumar,32,Haryana,2022-10-19,12087
G123,Amit Singh,48,Delhi,2025-01-09,17939
G124,Suresh Sharma,26,Delhi,2024-04-27,14286
G125,Anil Kumar,22,Haryana,2024-02-21,20677
G126,Rahul Kumar,42,Delhi,2024-09-06,20885
G127,Vikas Gupta,37,Punjab,2022-08-09,20943
G128,Anil Kumar,41,Punjab,2022-01-26,27432
G129,Rahul Kumar,42,Punjab,2025-08-13,24415
G130,Suresh Sharma,52,Punjab,2025-11-17,27945
G131,Vikas Gupta,31,Delhi,2023-11-22,18034
G132,Vikas Gupta,40,UP,2025-11-29,21497
G133,Amit Singh,40,Delhi,2024-05-20,16754
G134,Ramesh Yadav,37,UP,2023-10-27,20485
G135,Amit Singh,21,UP,2024-12-07,29336
G136,Vikas Gupta,35,UP,2025-05-11,17147
G137,Amit Singh,52,Haryana,2025-11-29,14479
G138,Suresh Sharma,52,Delhi,2024-11-09,29275
G139,Vikas Gupta,29,Haryana,2024-09-22,14363
G140,Amit Singh,54,Haryana,2022-01-28,25640
G141,Vikas Gupta,48,Haryana,2022-04-18,17323
G142,Anil Kumar,21,Haryana,2024-01-18,17756
G143,Suresh Sharma,41,Delhi,2023-04-03,20538
G144,Suresh Sharma,35,Haryana,2025-07-29,24053
G145,Ramesh Yadav,40,Haryana,2024-01-04,25093
G146,Anil Kumar,39,Haryana,2022-07-24,16135
G147,Suresh Sharma,38,Haryana,2024-10-21,25805
G148,Amit Singh,55,Punjab,2025-05-27,13292
G149,Rahul Kumar,33,UP,2021-12-08,13628
G150,Anil Kumar,38,Haryana,2025-05-20,12308
G151,Vikas Gupta,35,UP,2021-12-04,12947
G152,Amit Singh,44,Haryana,2024-07-29,13930
G153,Amit Singh,55,UP,2023-05-22,29965
G154,Vikas Gupta,27,Punjab,2021-12-16,17938
G155,Anil Kumar,35,Haryana,2024-06-20,12006
G156,Ramesh Yadav,47,Punjab,2024-08-13,19307
G157,Vikas Gupta,21,Haryana,2023-10-24,23823
G158,Suresh Sharma,45,Punjab,2025-11-07,27811
G159,Ramesh Yadav,33,UP,2022-10-08,13674
G160,Vikas Gupta,51,Delhi,2023-12-08,13780
G161,Anil Kumar,40,Haryana,2025-03-10,26028
G162,Ramesh Yadav,37,Delhi,2023-05-08,12742
G163,Ramesh Yadav,30,Haryana,2025-05-07,23894
G164,Rahul Kumar,26,Delhi,2022-07-22,15227
G165,Suresh Sharma,29,Delhi,2025-11-28,22867
G166,Rahul Kumar,37,Haryana,2023-05-24,20897
G167,Ramesh Yadav,31,Haryana,2023-07-07,23988
G168,Rahul Kumar,42,Haryana,2025-03-31,23098
G169,Ramesh Yadav,42,Haryana,2024-07-17,16620
G170,Suresh Sharma,21,UP,2022-01-22,12022
G171,Anil Kumar,26,UP,2022-04-26,13477
G172,Rahul Kumar,45,Haryana,2023-01-01,20855
G173,Rahul Kumar,30,UP,2023-04-10,27331
G174,Ramesh Yadav,35,Haryana,2022-12-30,29152
G175,Rahul Kumar,34,Haryana,2025-03-01,13986
G176,Amit Singh,21,Punjab,2025-04-11,23148
G177,Suresh Sharma,29,Delhi,2025-02-20,22579
G178,Rahul Kumar,34,Delhi,2024-05-31,12701
G179,Amit Singh,40,UP,2024-04-08,19445
G180,Rahul Kumar,41,Punjab,2023-10-23,15257
G181,Rahul Kumar,48,UP,2023-03-19,26009
G182,Vikas Gupta,46,Haryana,2024-06-30,17799
G183,Suresh Sharma,54,Punjab,2024-12-19,20057
G184,Rahul Kumar,51,Delhi,2022-03-20,21424
G185,Anil Kumar,40,Haryana,2024-01-17,20669
G186,Vikas Gupta,52,Haryana,2025-07-21,13859
G187,Vikas Gupta,32,UP,2024-07-10,12308
G188,Suresh Sharma,37,Punjab,2022-12-21,22153
G189,Suresh Sharma,39,Delhi,2024-04-26,12516
G190,Vikas Gupta,38,Punjab,2023-12-21,20923
G191,Amit Singh,46,Delhi,2022-03-19,16906
G192,Vikas Gupta,50,Delhi,2022-07-15,26152
G193,Rahul Kumar,34,Delhi,2023-02-18,20892
G194,Anil Kumar,26,Haryana,2024-07-23,17101
G195,Anil Kumar,39,UP,2024-04-17,12204
G196,Amit Singh,45,Punjab,2025-09-08,13955
G197,Ramesh Yadav,49,Haryana,2021-12-18,24293
G198,Anil Kumar,49,Punjab,2022-07-27,15172
G199,Rahul Kumar,44,UP,2025-01-10,27924
G200,Suresh Sharma,27,Punjab,2024-09-04,18884
G201,Amit Singh,41,Haryana,2023-08-21,28719
G202,Vikas Gupta,37,UP,2023-12-16,25683
G203,Rahul Kumar,33,Punjab,2024-10-29,24105
G204,Suresh Sharma,30,Punjab,2025-06-30,19011
G205,Suresh Sharma,45,Delhi,2022-01-29,24587
G206,Anil Kumar,30,Haryana,2022-01-13,13518
G207,Amit Singh,53,Punjab,2024-09-01,29119
G208,Suresh Sharma,31,UP,2025-04-14,24557
G209,Ramesh Yadav,46,Haryana,2025-06-03,15652
G210,Amit Singh,21,Delhi,2024-03-05,19557
G211,Rahul Kumar,49,Haryana,2022-02-14,14727
G212,Suresh Sharma,27,Punjab,2024-09-02,14894
G213,Suresh Sharma,30,UP,2023-03-05,13701
G214,Anil Kumar,53,Delhi,2023-12-12,13339
G215,Anil Kumar,41,Delhi,2023-10-03,19648
G216,Vikas Gupta,37,Punjab,2024-07-20,27105
G217,Anil Kumar,41,Delhi,2024-02-29,25302
G218,Suresh Sharma,43,Haryana,2022-02-10,17432
G219,Rahul Kumar,23,Haryana,2025-12-01,18216
G220,Amit Singh,55,Haryana,2025-06-18,21562
G221,Ramesh Yadav,35,Haryana,2023-05-10,19161
G222,Suresh Sharma,33,Haryana,2024-01-05,22848
G223,Suresh Sharma,41,Punjab,2021-12-21,13832
G224,Ramesh Yadav,51,Haryana,2024-06-02,21414
G225,Ramesh Yadav,25,Delhi,2022-08-22,21571
G226,Amit Singh,41,Haryana,2024-04-14,21878
G227,Amit Singh,43,Punjab,2024-06-08,15242
G228,Amit Singh,32,UP,2023-05-28,19839
G229,Amit Singh,51,UP,2023-11-10,20404
G230,Vikas Gupta,52,Punjab,2024-12-29,20575
G231,Vikas Gupta,43,Delhi,2023-06-10,23705
G232,Rahul Kumar,51,UP,2025-11-09,28763
G233,Amit Singh,31,UP,2022-02-17,22074
G234,Vikas Gupta,53,Punjab,2023-12-06,23935
G235,Suresh Sharma,38,UP,2025-01-16,28533
G236,Ramesh Yadav,33,UP,2024-09-25,17826
G237,Rahul Kumar,31,Delhi,2023-02-03,29489
G238,Amit Singh,48,UP,2024-06-03,17436
G239,Rahul Kumar,39,Delhi,2024-03-23,21325
G240,Suresh Sharma,25,Haryana,2023-03-30,27201
G241,Amit Singh,39,Delhi,2022-12-14,29580
G242,Suresh Sharma,31,Punjab,2023-02-25,21729
G243,Amit Singh,38,Haryana,2025-08-21,24107
G244,Ramesh Yadav,54,Haryana,2025-11-09,29607
G245,Suresh Sharma,35,Punjab,2025-11-20,13956
G246,Suresh Sharma,47,Punjab,2023-05-25,19281
G247,Anil Kumar,27,Delhi,2022-01-04,29687
G248,Suresh Sharma,42,UP,2021-11-28,25812
G249,Amit Singh,45,Punjab,2025-03-11,14540
G250,Ramesh Yadav,24,UP,2024-12-21,19456
G251,Ramesh Yadav,55,Delhi,2023-06-18,19381
G252,Anil Kumar,40,Haryana,2023-12-26,21473
G253,Ramesh Yadav,32,UP,2023-11-10,19171
G254,Vikas Gupta,51,Haryana,2024-01-19,27897
G255,Rahul Kumar,51,Punjab,2025-04-28,25195
G256,Anil Kumar,53,Haryana,2022-02-12,14524
G257,Ramesh Yadav,24,Punjab,2022-03-12,18957
G258,Vikas Gupta,47,UP,2022-10-15,28950
G259,Ramesh Yadav,42,UP,2024-11-25,25072
G260,Amit Singh,41,UP,2022-10-23,22020
G261,Rahul Kumar,28,UP,2024-09-23,17063
G262,Anil Kumar,52,UP,2022-04-19,29716
G263,Rahul Kumar,29,UP,2022-06-11,17622
G264,Rahul Kumar,50,Haryana,2022-08-12,24270
G265,Anil Kumar,35,Haryana,2024-09-07,21331
G266,Anil Kumar,35,Haryana,2022-03-18,20119
G267,Amit Singh,44,Punjab,2021-12-21,21189
G268,Ramesh Yadav,21,Delhi,2024-07-20,24052
G269,Rahul Kumar,41,Delhi,2025-06-05,29405
G270,Vikas Gupta,45,UP,2023-03-21,14089
G271,Amit Singh,29,UP,2023-06-14,17885
G272,Vikas Gupta,52,Punjab,2024-09-10,13215
G273,Amit Singh,39,Haryana,2022-06-13,13411
G274,Rahul Kumar,54,Punjab,2025-02-03,16904
G275,Suresh Sharma,37,Delhi,2025-09-06,25561
G276,Vikas Gupta,29,Punjab,2022-10-24,23542
G277,Anil Kumar,31,UP,2024-04-19,12933
G278,Vikas Gupta,27,Delhi,2023-08-18,21217
G279,Vikas Gupta,38,Haryana,2024-05-17,26630
G280,Anil Kumar,50,Delhi,2022-02-07,23416
G281,Anil Kumar,50,Haryana,2022-06-30,20274
G282,Vikas Gupta,50,Punjab,2021-12-25,15074
G283,Rahul Kumar,37,UP,2023-10-05,13529
G284,Amit Singh,42,Delhi,2024-12-27,20785
G285,Suresh Sharma,32,Haryana,2022-03-06,24847
G286,Anil Kumar,43,Delhi,2025-11-06,23490
G287,Anil Kumar,29,UP,2024-03-22,16986
G288,Vikas Gupta,54,UP,2024-04-16,13697
G289,Rahul Kumar,32,Delhi,2025-06-24,15052
G290,Suresh Sharma,27,Punjab,2025-05-20,15889
G291,Vikas Gupta,42,Punjab,2024-10-18,15523
G292,Vikas Gupta,23,Haryana,2025-01-13,24741
G293,Anil Kumar,46,Delhi,2022-02-07,15828
G294,Vikas Gupta,47,Haryana,2025-07-27,24120
G295,Vikas Gupta,32,Delhi,2023-05-20,25495
G296,Ramesh Yadav,26,Haryana,2023-08-31,22964
G297,Suresh Sharma,45,UP,2023-11-13,14560
G298,Amit Singh,40,UP,2023-08-02,15901
G299,Vikas Gupta,26,Punjab,2022-07-02,29637
G300,Vikas Gupta,40,UP,2023-05-01,22204
G301,Anil Kumar,21,Delhi,2024-05-12,26458
G302,Ramesh Yadav,37,UP,2024-12-11,20847
G303,Amit Singh,26,Haryana,2022-02-23,15024
G304,Anil Kumar,31,UP,2022-08-16,17875
G305,Anil Kumar,28,UP,2024-08-14,22665
G306,Vikas Gupta,23,Delhi,2022-08-08,17059
G307,Vikas Gupta,43,Haryana,2023-06-28,12511
G308,Amit Singh,49,Punjab,2022-02-20,17883
G309,Suresh Sharma,36,UP,2025-10-08,20768
G310,Vikas Gupta,46,Haryana,2023-01-18,26480
G311,Vikas Gupta,32,Delhi,2021-12-30,27001
G312,Anil Kumar,54,UP,2024-05-19,26217
G313,Ramesh Yadav,50,Haryana,2023-02-07,17127
G314,Suresh Sharma,30,Delhi,2022-10-26,27164
G315,Ramesh Yadav,31,Punjab,2022-02-03,18834
G316,Vikas Gupta,55,UP,2021-12-07,16048
G317,Suresh Sharma,35,Delhi,2023-09-06,21361
G318,Ramesh Yadav,50,UP,2023-08-29,21977
G319,Anil Kumar,53,Haryana,2024-05-26,22056
G320,Anil Kumar,22,Punjab,2022-06-08,15514
G321,Rahul Kumar,35,Delhi,2024-01-22,19184
G322,Suresh Sharma,52,UP,2024-07-11,24631
G323,Amit Singh,33,Haryana,2022-04-24,25690
G324,Vikas Gupta,36,Haryana,2023-10-01,22059
G325,Anil Kumar,40,Haryana,2024-03-10,13665
G326,Vikas Gupta,30,Punjab,2022-01-15,18288
G327,Amit Singh,45,Punjab,2022-11-15,20949
G328,Vikas Gupta,21,UP,2024-08-24,13266
G329,Suresh Sharma,39,Delhi,2025-10-20,26289
G330,Vikas Gupta,53,UP,2022-12-01,21643
G331,Ramesh Yadav,22,UP,2024-02-22,28333
G332,Suresh Sharma,48,Punjab,2023-02-04,17455
G333,Rahul Kumar,49,Haryana,2023-10-01,13297
G334,Ramesh Yadav,33,Delhi,2023-01-03,19633
G335,Amit Singh,38,UP,2024-02-21,26796
G336,Rahul Kumar,31,Haryana,2023-11-25,26577
G337,Vikas Gupta,35,Delhi,2024-10-20,29497
G338,Ramesh Yadav,28,Punjab,2025-08-27,28704
G339,Suresh Sharma,42,Delhi,2022-07-10,23128
G340,Anil Kumar,31,Delhi,2023-10-11,26857
G341,Amit Singh,53,Delhi,2022-12-22,27061
G342,Suresh Sharma,38,Haryana,2025-01-05,29822
G343,Ramesh Yadav,47,Punjab,2025-04-15,18332
G344,Rahul Kumar,51,Haryana,2022-05-18,26317
G345,Ramesh Yadav,21,Punjab,2024-08-30,22547
G346,Amit Singh,41,Punjab,2025-05-19,24058
G347,Amit Singh,21,Delhi,2022-10-08,22360
G348,Anil Kumar,55,Punjab,2025-04-08,17288
G349,Vikas Gupta,31,Haryana,2022-07-12,24460
G350,Suresh Sharma,21,Delhi,2025-01-30,18622
G351,Anil Kumar,25,Haryana,2021-12-17,16381
G352,Anil Kumar,28,UP,2022-02-23,12536
G353,Amit Singh,30,Delhi,2023-10-04,20248
G354,Vikas Gupta,40,Haryana,2023-01-05,23637
G355,Amit Singh,33,Punjab,2022-05-02,21362
G356,Ramesh Yadav,53,Delhi,2024-01-08,27416
G357,Rahul Kumar,23,Delhi,2022-12-13,14887
G358,Amit Singh,36,UP,2025-08-18,17985
G359,Suresh Sharma,54,Punjab,2021-11-27,17717
G360,Amit Singh,50,Punjab,2024-09-20,12667
G361,Suresh Sharma,33,Punjab,2023-09-26,12217
G362,Suresh Sharma,36,Punjab,2025-07-25,17510
G363,Rahul Kumar,25,Delhi,2024-04-18,27062
G364,Ramesh Yadav,40,Punjab,2024-03-11,28812
G365,Anil Kumar,45,Delhi,2025-07-23,23871
G366,Rahul Kumar,24,Haryana,2022-08-16,17062
G367,Vikas Gupta,47,Delhi,2025-09-06,14619
G368,Vikas Gupta,55,Haryana,2023-04-03,24618
G369,Amit Singh,36,Haryana,2023-11-12,29924
G370,Anil Kumar,41,Punjab,2021-12-15,23709
G371,Anil Kumar,55,Haryana,2022-11-27,25190
G372,Amit Singh,35,Punjab,2023-06-03,13575
G373,Rahul Kumar,28,Delhi,2022-09-10,18995
G374,Amit Singh,22,Haryana,2023-02-28,22048
G375,Ramesh Yadav,35,Punjab,2023-03-30,29208
G376,Vikas Gupta,30,Delhi,2022-03-10,24451
G377,Anil Kumar,41,Punjab,2022-06-24,27489
G378,Anil Kumar,49,Haryana,2024-09-23,18286
G379,Ramesh Yadav,51,UP,2024-12-19,12128
G380,Suresh Sharma,55,Delhi,2022-08-26,19242
G381,Ramesh Yadav,41,UP,2025-04-05,13390
G382,Anil Kumar,34,Delhi,2024-03-08,22600
G383,Amit Singh,55,Punjab,2024-01-18,16162
G384,Vikas Gupta,27,Punjab,2025-05-06,27746
G385,Anil Kumar,28,Delhi,2022-01-12,22234
G386,Rahul Kumar,40,Haryana,2025-08-27,29201
G387,Amit Singh,27,Haryana,2021-12-14,15027
G388,Vikas Gupta,38,Punjab,2024-09-25,29832
G389,Amit Singh,29,Haryana,2023-09-15,19674
G390,Anil Kumar,50,Punjab,2024-09-06,28537
G391,Anil Kumar,49,Haryana,2022-04-29,28304
G392,Rahul Kumar,23,Delhi,2024-04-15,22243
G393,Suresh Sharma,29,Punjab,2022-08-27,27371
G394,Ramesh Yadav,42,Haryana,2024-02-17,12022
G395,Suresh Sharma,41,Punjab,2022-07-29,17839
G396,Anil Kumar,35,Delhi,2024-04-13,12578
G397,Rahul Kumar,52,UP,2022-10-05,20066
G398,Suresh Sharma,46,Haryana,2024-06-26,22641
G399,Amit Singh,40,Punjab,2025-04-26,21707
G400,Suresh Sharma,33,Punjab,2023-10-19,22782
G401,Anil Kumar,52,UP,2022-05-22,16689
G402,Ramesh Yadav,26,Punjab,2023-02-13,26092
G403,Vikas Gupta,26,Punjab,2021-12-24,28092
G404,Suresh Sharma,37,Haryana,2025-11-21,19236
G405,Rahul Kumar,54,Punjab,2025-04-06,12226
G406,Ramesh Yadav,54,UP,2022-12-19,12654
G407,Suresh Sharma,41,Haryana,2024-04-26,23784
G408,Anil Kumar,28,Delhi,2022-12-15,28253
G409,Amit Singh,40,UP,2025-08-04,16654
G410,Vikas Gupta,44,Haryana,2022-08-06,26367
G411,Amit Singh,28,Delhi,2023-02-09,17607
G412,Vikas Gupta,40,Delhi,2024-03-09,17282
G413,Vikas Gupta,48,Haryana,2025-04-19,26535
G414,Rahul Kumar,23,Delhi,2025-04-18,18207
G415,Ramesh Yadav,24,Delhi,2023-07-12,20994
G416,Anil Kumar,26,Punjab,2025-09-07,13589
G417,Suresh Sharma,45,Delhi,2025-08-04,21107
G418,Rahul Kumar,49,UP,2024-03-15,15579
G419,Rahul Kumar,51,Haryana,2024-01-11,24218
G420,Rahul Kumar,25,Punjab,2025-05-14,27586
G421,Anil Kumar,51,Punjab,2025-04-03,16047
G422,Amit Singh,47,Haryana,2022-03-17,15135
G423,Amit Singh,39,Haryana,2022-05-08,22903
G424,Vikas Gupta,22,Delhi,2025-10-03,16691
G425,Amit Singh,42,Haryana,2022-02-12,21589
G426,Anil Kumar,45,Punjab,2025-04-11,24049
G427,Suresh Sharma,41,Haryana,2023-03-03,12448
G428,Suresh Sharma,47,Punjab,2023-10-31,24921
G429,Suresh Sharma,29,Punjab,2023-05-27,12547
G430,Suresh Sharma,39,Delhi,2023-09-02,28766
G431,Rahul Kumar,21,UP,2023-02-21,23166
G432,Ramesh Yadav,28,Punjab,2024-08-05,21239
G433,Rahul Kumar,38,UP,2023-11-29,22004
G434,Anil Kumar,47,Punjab,2025-09-27,26065
G435,Rahul Kumar,38,UP,2024-03-08,23943
G436,Rahul Kumar,43,Haryana,2025-01-21,21341
G437,Ramesh Yadav,45,UP,2024-12-24,19536
G438,Anil Kumar,43,Haryana,2023-06-24,13613
G439,Anil Kumar,45,Haryana,2025-05-17,27532
G440,Amit Singh,32,Haryana,2023-01-22,15491
G441,Amit Singh,43,UP,2024-10-30,18186
G442,Amit Singh,28,Haryana,2022-03-30,13214
G443,Suresh Sharma,52,Delhi,2022-04-14,13802
G444,Suresh Sharma,50,Punjab,2022-03-31,20779
G445,Suresh Sharma,45,Delhi,2023-07-31,21058
G446,Rahul Kumar,28,UP,2023-10-04,16087
G447,Ramesh Yadav,38,Delhi,2023-09-10,28366
G448,Ramesh Yadav,55,Haryana,2022-05-07,20647
G449,Anil Kumar,45,Punjab,2024-07-04,23875
G450,Rahul Kumar,53,UP,2025-05-12,19258
G451,Suresh Sharma,49,Punjab,2023-02-03,19740
G452,Anil Kumar,21,Delhi,2022-05-28,28171
G453,Amit Singh,33,Punjab,2024-06-28,24121
G454,Anil Kumar,40,UP,2024-10-20,12584
G455,Vikas Gupta,25,Punjab,2021-12-31,15770
G456,Rahul Kumar,51,Punjab,2022-12-27,23515
G457,Rahul Kumar,44,Haryana,2025-06-26,17101
G458,Suresh Sharma,36,UP,2025-04-16,22917
G459,Amit Singh,23,Punjab,2023-06-18,26769
G460,Vikas Gupta,55,Delhi,2024-04-14,29305
G461,Rahul Kumar,38,Haryana,2022-10-04,25923
G462,Vikas Gupta,47,Punjab,2022-09-06,29599
G463,Anil Kumar,54,UP,2025-05-10,14897
G464,Vikas Gupta,34,Delhi,2025-09-10,23976
G465,Suresh Sharma,42,Punjab,2024-04-14,14716
G466,Ramesh Yadav,23,Punjab,2023-11-10,15657
G467,Vikas Gupta,49,Punjab,2024-06-14,18457
G468,Anil Kumar,24,Punjab,2025-08-02,16730
G469,Amit Singh,44,Haryana,2024-09-18,13022
G470,Anil Kumar,25,Delhi,2023-02-21,15092
G471,Ramesh Yadav,55,Haryana,2023-08-14,20461
G472,Vikas Gupta,30,Punjab,2025-11-07,23219
G473,Amit Singh,51,Punjab,2023-12-22,20585
G474,Rahul Kumar,41,Delhi,2022-11-28,26629
G475,Rahul Kumar,25,Punjab,2022-09-20,19124
G476,Rahul Kumar,39,Delhi,2023-07-26,25824
G477,Vikas Gupta,46,UP,2022-03-29,13627
G478,Ramesh Yadav,41,Punjab,2025-11-19,18272
G479,Rahul Kumar,31,Punjab,2024-05-23,19328
G480,Ramesh Yadav,29,Delhi,2024-08-09,17213
G481,Rahul Kumar,43,Haryana,2023-09-11,26876
G482,Anil Kumar,29,UP,2024-11-14,14290
G483,Rahul Kumar,50,Delhi,2023-09-15,26872
G484,Vikas Gupta,41,Punjab,2024-07-04,27311
G485,Anil Kumar,34,Punjab,2022-05-25,15159
G486,Rahul Kumar,22,Punjab,2022-06-22,15195
G487,Rahul Kumar,54,Delhi,2023-11-25,20388
G488,Vikas Gupta,50,Haryana,2024-05-16,26606
G489,Amit Singh,27,Punjab,2022-11-21,13364
G490,Rahul Kumar,37,Punjab,2022-01-16,20433
G491,Anil Kumar,46,UP,2024-02-14,21454
G492,Rahul Kumar,37,Delhi,2023-06-25,28119
G493,Suresh Sharma,23,Haryana,2024-04-04,29762
G494,Vikas Gupta,54,Haryana,2022-02-19,24932
G495,Rahul Kumar,32,Delhi,2022-10-13,12161
G496,Suresh Sharma,37,Delhi,2022-11-05,21495
G497,Ramesh Yadav,35,Haryana,2024-07-10,25249
G498,Ramesh Yadav,23,Delhi,2024-12-06,18565
G499,Vikas Gupta,47,Haryana,2023-04-24,24840
G500,Suresh Sharma,34,Delhi,2025-04-07,26431
